first_name,last_name,username,email,password,is_verified
Bevis,Clark,clark,in.ornare@hotmail.org,QSH23SCC8KG,1
Wang,Leonard,leowang,pharetra.quisque@hotmail.edu,QHM87BYT6JQ,1
Moses,Mcintosh,moses,pede.blandit@protonmail.edu,PHS34ETD6KP,1
Oprah,Barron,barron_,elit@aol.org,SID39QRB2YF,1
Maris,Wyatt,wyatt,malesuada.malesuada@aol.com,JUG75DLG5ET,1
Bert,Baxter,bartbex,rutrum.fusce@google.ca,ISS18HHS1IT,1
Dacey,Terrell,dacey,nisl@google.com,DSQ52SMO7XD,1
Conan,Walters,conan,elementum@protonmail.com,YSV11OMF8WY,1
Chaim,Shaffer,chashaffer,vitae.semper@aol.edu,RRA66EDQ2TA,1
Kaye,Williams,kaye_williams,imperdiet.nec@icloud.edu,PDH11IUK6MO,1
Eagan,Norman,eagan,a.arcu.sed@icloud.org,EVC12LLS8NW,1
Zephania,Mueller,zephmueller,amet.nulla@yahoo.com,RKB32IJZ8IJ,1
Xyla,Butler,xyla86,varius.orci@hotmail.net,IFY66MDU6IK,1
Xantha,Pennington,xapennington,ipsum.porta@icloud.net,ITC87MPV5QV,1
Maxine,Maldonado,maxmal,duis.dignissim@aol.net,OIC79PMU1WI,1
Eric,Jennings,ericjenn,felis.orci@aol.net,UFX41IBC5PR,1
Zoe,Levy,zoe_levy,a.scelerisque@hotmail.org,WZB03WMN3XE,1
Rylee,Sims,rylee,vel@yahoo.com,JJJ66CNZ7GH,1
Shelly,Fitzgerald,shellfitz,ullamcorper.duis@hotmail.edu,SFG85OHP6HN,1
Lareina,Barnes,larnbarnes,placerat@yahoo.couk,WDN84TLT6VH,1
Beatrice,Rice,bea_rice_,ridiculus.mus@yahoo.org,YLY45KSY5UX,1
Ginger,Perkins,perkins,malesuada.fames@icloud.ca,RXA07RPY2QR,1
Jade,Austin,jade_austin,condimentum.eget.volutpat@protonmail.ca,LEN22IFT4UT,1
Jana,Rocha,janaroch,dui.nec@icloud.couk,FKE22BYQ5IL,1
Nigel,Kaufman,nigkaufman,non.egestas@yahoo.net,WUJ31AOE9UG,1
Rogan,Roth,rogan,accumsan@icloud.org,YDN03KEX2JO,1
Katelyn,Blackburn,kateblack,pede@protonmail.net,HWF39VQJ3IS,1
Daphne,Aguirre,daph,cras.pellentesque@aol.net,WYD32GOC3GR,1
Fatima,Haynes,haynes,libero.proin.mi@icloud.ca,MKH79NBM8SR,1
Harding,Barry,hardbarry,sed.pede@protonmail.org,RUG27MAV2HT,1
Samson,Terrell,samterrell,elit@outlook.couk,IFX53MEW2ZW,1
Sylvester,Price,sylvprice,at.auctor@hotmail.net,BPI37JEZ7YK,1
Dorian,Nelson,dorian,nullam.nisl.maecenas@hotmail.com,FNP82DIR0XK,1
David,Stevens,david_stevens,eget.mollis@aol.edu,UMN38LCW9OL,1
Amos,Luna,amosluna,neque.morbi@icloud.couk,QUM58HFU3FG,1
Phyllis,Nunez,phyllnunez,volutpat.nulla.dignissim@icloud.couk,SST78OAY7WZ,1
Carl,Owens,carlowens,cras@google.org,WPK32FRB1RP,1
Hadassah,Daniels,hadadaniels,nullam.suscipit@icloud.ca,NGS61DRH5FU,1
Walter,Dawson,waldawson,sapien.imperdiet.ornare@outlook.com,WFS73CPQ2YP,1
Micah,Kelly,micah,vestibulum@google.edu,CKA52JQJ4WR,1
Lois,Randolph,loisrand_,ornare.lectus@aol.edu,CNI61CSG4OI,1
Cora,Mcclure,c_macclure,in.lorem@aol.couk,JEX31UTV8MV,1
Kuame,Paul,kuamep,facilisis.vitae@yahoo.couk,KEA53JFS8QK,1
Kevin,Sims,kevsims,in.magna@hotmail.ca,JXU12RVE1YW,1
Lareina,Zamora,zamora_lare,ut@icloud.edu,CEM87PJB7MQ,1
Demetria,Carson,demcarson,sed.malesuada@aol.edu,DWQ08CDO3BH,1
Russell,Boyle,russboyle,nulla.integer.urna@aol.net,SYR21EUF2YF,1
Cheryl,Frost,frostcheryl,amet.ornare@protonmail.couk,JUL51OBE4HZ,1
Constance,Martin,cons_martin,ligula@outlook.edu,FYE97TBQ4KY,1
Nathaniel,Eaton,natheaton,suspendisse.commodo@aol.com,YXX12DFH1WX,1
Iliana,Weaver,iliana_weaver,sit.amet@outlook.net,UYN81LSY4TD,1
Erasmus,Collier,erasmusdev,ut@hotmail.net,EIG84LTS6GZ,1
Alfreda,Baird,albaird,rutrum.urna.nec@google.couk,LUM05BOE5YP,1
Mari,Hernandez,mariherdz,tellus.id@outlook.edu,CTW52RYE9LG,1
Alvin,Fleming,alvflem,quis@icloud.couk,TBY24YDY8IH,1
Nelle,Dodson,nelledod,semper@google.com,RCS72MGE1NH,1
Brenna,Deleon,brenn62,lacinia.mattis@protonmail.ca,UIY67RJU2EJ,1
Dacey,Barron,dacey_,accumsan.neque@hotmail.com,ATC77VTJ7MD,1
Fulton,Miranda,miranda_fulton40,commodo.ipsum@protonmail.org,KBW03YHJ0GL,1
Jocelyn,Daugherty,joce_daugh,lorem.ipsum@icloud.net,EGF57BLK9WU,1
Colorado,Wilkinson,colorado,ipsum.ac.mi@google.couk,BOK30VMC0WK,1
Kenneth,Roman,kennroman,dapibus@icloud.ca,ZVM65ZPW7VI,1
Baxter,Goodwin,baxgoodwin,egestas.a.scelerisque@aol.net,JIR67STX5BA,1
Griffith,Bean,griff,malesuada@outlook.net,YID28DVL6FY,1
Hedwig,Horn,hedhorn,feugiat@hotmail.ca,GYR15WYK1JI,1
Perry,Rocha,perry_rocha,vel.turpis.aliquam@yahoo.edu,QHP74VTL0MW,1
Channing,Sykes,channsyk,mollis.nec@hotmail.org,PSY20QSP3IN,1
Keefe,Colon,kee_colon,enim@google.com,XGI17CXQ4TP,1
Flavia,Sutton,_flavsutton,aliquet@aol.net,XQL66KFO4NT,1
Kellie,Barrera,barrerakellie,id@aol.org,VYF45HGI6MG,1
Bernard,Jennings,bernard_jenn,venenatis.vel.faucibus@hotmail.net,NXY72NZU1LD,1
Cadman,Russo,cadrusso,nunc.ac@aol.edu,AMT53RNL8BE,1
Rosalyn,Calderon,roscalderon,mauris@protonmail.com,DED57UFK1MU,1
Addison,Johns,addi585,eget.metus@protonmail.ca,XHM21FKJ4TJ,1
Jeremy,Valencia,thejeremy,natoque.penatibus.et@google.net,FJU67CNW1RP,1
Cedric,Randolph,cadric_rand,interdum.sed.auctor@hotmail.com,NCX40GCT2GM,1
Indira,Webster,indira,consequat.purus.maecenas@icloud.ca,EUN53KES8ZE,1
Hasad,Carson,hasad__.,donec@yahoo.org,SSR37RQG1YA,1
Amela,Jordan,amelajordan,lectus.justo@outlook.org,CWN61AFH7XH,1
Kellie,Frederick,kellfred,ac.orci@aol.edu,DTE64EEI0CA,1
Kylee,Vance,kyvance,risus.quis@icloud.org,UMW39BDU0DV,1
Destiny,Castro,destinyc,massa.lobortis@aol.net,MDN17KET5XP,1
Laith,Cohen,laithco_,sed.et.libero@google.edu,UWS56IRO4PQ,1
Zia,Hickman,ziahickman,velit.eu@google.com,OXN97PXE9FB,1
Arsenio,Perkins,arsperkins,non.enim.mauris@hotmail.com,GVV18LQT3WJ,1
Trevor,Drake,thetrevordrake,auctor@outlook.org,EYK80SFS5FT,1
Ralph,Dennis,ralphdennis,non@protonmail.couk,LTM78ETH4GT,1
Jarrod,Santana,jarrod_sant,auctor.velit.eget@icloud.ca,HNT89SWC0IP,1
Maisie,Mcmahon,maismc,fringilla@protonmail.com,FKP71MDR1TJ,1
Cecilia,Prince,ceci_prince,proin.dolor@icloud.com,RRI37IUH6BD,1
Hope,Shepherd,hopesheph,turpis.egestas@yahoo.couk,MNH39IND7LE,1
Thaddeus,Beck,iambeck,a@aol.couk,ZXB01FOI8IJ,1
Jorden,Mays,mayshere,feugiat.placerat.velit@hotmail.ca,QXZ54UAR6BV,1
Samantha,Hayden,samhayden,non.egestas@hotmail.edu,YSY50IRG1WF,1
Grady,Mccullough,itsgrady,enim.sit.amet@outlook.couk,SMT38KYM6IW,1
Lacey,Thompson,laceythomp,mauris.vel.turpis@protonmail.edu,XOZ32YOZ4AE,1
Alexander,Mccarty,alexmccarty,sociis.natoque@yahoo.couk,NYB21TMR0SJ,1
Reece,Turner,iamreece,mauris@hotmail.com,GJX32ZHE6DV,1
Nayda,Moore,maydamoore,donec.nibh@hotmail.couk,YSZ75NWM2VQ,1
Nigel,Acosta,nigel_acosta,volutpat.nulla@icloud.net,DSK17KDM3GW,1